BASE_YR,BASE_MM,AGFD_PDLT_NM,PDTN_QY
2020,01,가지,393028
2020,01,감,259908
2020,01,감귤,375517
2020,01,감자,786997
2020,01,갓,743
2020,01,건가지,2239
2020,01,건취나물,3282
2020,01,고구마,1338848
2020,01,고구마순,2828
2020,01,고사리,18501
2020,01,고추,342986
2020,01,곶감,22665
2020,01,근대,88007
2020,01,기장,413
2020,01,깐마늘,296862
2020,01,깐양파,87535
2020,01,깻잎,50433
2020,01,냉이,10772
2020,01,늙은호박,93753
2020,01,다발무,1087007
2020,01,단감,640365
2020,01,단호박,21377
2020,01,달래,14420
2020,01,당근,973428
2020,01,대추,49448
2020,01,대파,1384020
2020,01,더덕,5365
2020,01,도라지,30345
2020,01,돈나물,5539
2020,01,돌나물,7808
2020,01,두릅,22778
2020,01,따리,105345
2020,01,딸기,665615
2020,01,레몬,8361
2020,01,마,29254
2020,01,마늘,542697
2020,01,마늘 쫑,30945
2020,01,매실,3810
2020,01,메론,837187
2020,01,모둠쌈,9067
2020,01,무,1396876
2020,01,무화과,1056143
2020,01,물미역(청과),17252
2020,01,미나리,38032
2020,01,바나나,53955
2020,01,바나나 국산,317
2020,01,밤,228723
2020,01,방울양배추,600
2020,01,배,1050187
2020,01,배추,3652007
2020,01,배추얼갈이,45318
2020,01,버섯,1738067
2020,01,보리,472
2020,01,복수박,177128
2020,01,복숭아,291859
2020,01,부추,76394
2020,01,브로코리,168603
2020,01,브로콜리,50881
2020,01,블루베리,14824
2020,01,비트,281274
2020,01,빨간양배추,23866
2020,01,사과,2197106
2020,01,산딸기,16187
2020,01,상추,117245
2020,01,새싹채소,956
2020,01,생강,19343
2020,01,석류,8361
2020,01,세러리,535
2020,01,수박,4475753
2020,01,수입과일,802744
2020,01,숙주,69298
2020,01,시금치,478975
2020,01,신선초,535
2020,01,쌈추,10377
2020,01,쑥갓,1088
2020,01,아욱,382
2020,01,애플수박,28393
2020,01,애호박,120288
2020,01,양배추,1139959
2020,01,양상추,387455
2020,01,양파,3341525
2020,01,얼갈이,649
2020,01,연근,26795
2020,01,열무,28053
2020,01,열무 얼갈이,44104
2020,01,오렌지,8361
2020,01,오이,282664
2020,01,완두콩,40179
2020,01,인삼,2741
2020,01,잎마늘,1441
2020,01,자두,100645
2020,01,자몽,8361
2020,01,적양배추,450
2020,01,쪽파,71181
2020,01,찰옥수수,39461
2020,01,참나물,8100
2020,01,참다래 국산,83567
2020,01,참외,68352
2020,01,청경채,10965
2020,01,청양고추,27822
2020,01,체리,4390
2020,01,취나물,7845
2020,01,츄키니,11983
2020,01,케일,535
2020,01,콜라비,6115
2020,01,콩나물,558550
2020,01,토마토,1296576
2020,01,토마토(방울),574673
2020,01,파세리,32255
2020,01,파인애플,59949
2020,01,파채,48506
2020,01,파프리카,125831
2020,01,포도,863302
2020,01,풋고추,80689
2020,01,풋옥수수,18210
2020,01,피망,270
2020,01,호박,586608
2020,01,홍갓,13754
2020,01,홍고추,31
2020,02,가지,551031
2020,02,감,216829
2020,02,감귤,443167
2020,02,감자,1043196
2020,02,갓,178
2020,02,건가지,1498
2020,02,건취나물,3587
2020,02,고구마,2323429
2020,02,고구마순,2871
2020,02,고사리,13357
2020,02,고추,380349
2020,02,곶감,11179
2020,02,근대,101226
2020,02,기장,1995
2020,02,깐마늘,305917
2020,02,깐양파,151394
2020,02,깻잎,59529
2020,02,냉이,8116
2020,02,늙은호박,60993
2020,02,다발무,137145
2020,02,단감,889243
2020,02,단호박,28815
2020,02,달래,12911
2020,02,당근,1280209
2020,02,대추,47630
2020,02,대파,2029879
2020,02,더덕,2529
2020,02,도라지,20429
2020,02,돈나물,7058
2020,02,돌나물,4620
2020,02,두릅,14141
2020,02,따리,53130
2020,02,딸기,691107
2020,02,레몬,9978
2020,02,마,28293
2020,02,마늘,612290
2020,02,마늘 쫑,24031
2020,02,매실,8121
2020,02,메론,965879
2020,02,모둠쌈,57495
2020,02,무,1556123
2020,02,무화과,104238
2020,02,물미역(청과),11866
2020,02,미나리,29899
2020,02,바나나,37227
2020,02,바나나 국산,1109
2020,02,밤,190731
2020,02,방울양배추,1144
2020,02,배,707658
2020,02,배추,909267
2020,02,배추얼갈이,44252
2020,02,버섯,1651268
2020,02,보리,2280
2020,02,복수박,177733
2020,02,복숭아,327964
2020,02,부추,77864
2020,02,브로코리,204883
2020,02,브로콜리,42079
2020,02,블루베리,21182
2020,02,비트,252634
2020,02,빨간양배추,21548
2020,02,사과,2421761
2020,02,산딸기,14426
2020,02,상추,144742
2020,02,새싹채소,1010
2020,02,생강,16598
2020,02,석류,9978
2020,02,수박,6077203
2020,02,수입과일,663120
2020,02,숙주,72899
2020,02,시금치,415224
2020,02,쌈추,10724
2020,02,쑥갓,3424
2020,02,아욱,255
2020,02,애플수박,30664
2020,02,애호박,270069
2020,02,양배추,1643426
2020,02,양상추,458547
2020,02,양파,4364095
2020,02,얼갈이,511
2020,02,연근,25425
2020,02,열무,34726
2020,02,열무 얼갈이,50595
2020,02,오렌지,9978
2020,02,오이,540535
2020,02,완두콩,20858
2020,02,인삼,9378
2020,02,잎마늘,5450
2020,02,자두,121957
2020,02,자몽,9978
2020,02,적양배추,858
2020,02,쪽파,81388
2020,02,찰옥수수,35584
2020,02,참나물,7341
2020,02,참다래 국산,85525
2020,02,참외,71500
2020,02,청경채,8273
2020,02,청양고추,26736
2020,02,체리,5239
2020,02,취나물,2889
2020,02,츄키니,10260
2020,02,케일,594
2020,02,콜라비,9239
2020,02,콩나물,566751
2020,02,키위,2850
2020,02,토마토,1432805
2020,02,토마토(방울),632087
2020,02,파세리,40164
2020,02,파인애플,41363
2020,02,파채,50538
2020,02,파프리카,155026
2020,02,포도,848627
2020,02,풋고추,68273
2020,02,풋옥수수,23170
2020,02,호박,581474
2020,02,홍갓,16564
2020,03,가지,684143
2020,03,감,211489
2020,03,감귤,497659
2020,03,감자,1267091
2020,03,갓,6047
2020,03,건가지,988
2020,03,건취나물,1787
2020,03,고구마,1599026
2020,03,고구마순,1787
2020,03,고사리,8703
2020,03,고추,1234974
2020,03,곶감,9402
2020,03,근대,125724
2020,03,기장,7539
2020,03,깐마늘,323947
2020,03,깐양파,123963
2020,03,깻잎,73246
2020,03,냉이,10506
2020,03,늙은호박,82712
2020,03,다발무,221870
2020,03,단감,375314
2020,03,단호박,53079
2020,03,달래,14991
2020,03,당근,1049337
2020,03,대추,56667
2020,03,대파,1603738
2020,03,더덕,2801
2020,03,도라지,19297
2020,03,돈나물,7683
2020,03,돌나물,5695
2020,03,두릅,7749
2020,03,따리,17600
2020,03,딸기,540326
2020,03,레몬,5768
2020,03,마,5832
2020,03,마늘,584098
2020,03,마늘 쫑,6825
2020,03,매실,7344
2020,03,메론,820844
2020,03,모둠쌈,81607
2020,03,무,1508988
2020,03,무화과,18884
2020,03,물미역(청과),11531
2020,03,미나리,29578
2020,03,바나나,103363
2020,03,바나나 국산,950
2020,03,밤,192426
2020,03,방울양배추,1168
2020,03,배,765912
2020,03,배추,945686
2020,03,배추얼갈이,63437
2020,03,버섯,1763540
2020,03,보리,8616
2020,03,복수박,83758
2020,03,복숭아,362708
2020,03,부추,105512
2020,03,브로코리,161962
2020,03,브로콜리,40774
2020,03,블루베리,27290
2020,03,비트,237291
2020,03,빨간양배추,25530
2020,03,사과,3575972
2020,03,산딸기,12841
2020,03,살구,132
2020,03,상추,211457
2020,03,새싹채소,1149
2020,03,생강,50909
2020,03,석류,5768
2020,03,세러리,73
2020,03,수박,4424540
2020,03,수입과일,938396
2020,03,숙주,74842
2020,03,시금치,475151
2020,03,신선초,73
2020,03,쌈추,11301
2020,03,쑥,265500
2020,03,쑥갓,4582
2020,03,아욱,411
2020,03,애플수박,13432
2020,03,애호박,325751
2020,03,양배추,11855666
2020,03,양상추,447997
2020,03,양파,3499449
2020,03,얼갈이,5290
2020,03,연근,2425
2020,03,열무,63641
2020,03,열무 얼갈이,77654
2020,03,오렌지,5768
2020,03,오이,797099
2020,03,완두콩,30870
2020,03,인삼,9941
2020,03,잎마늘,6779
2020,03,자두,136124
2020,03,자몽,5768
2020,03,적양배추,876
2020,03,쪽파,127671
2020,03,찰옥수수,40765
2020,03,참나물,7147
2020,03,참다래 국산,106539
2020,03,참외,95266
2020,03,청경채,7446
2020,03,청양고추,29548
2020,03,체리,3028
2020,03,취나물,4023
2020,03,츄키니,1620
2020,03,케일,73
2020,03,콜라비,6712
2020,03,콩나물,634091
2020,03,키위,12255
2020,03,토마토,1484940
2020,03,토마토(방울),650892
2020,03,파세리,40471
2020,03,파인애플,114848
2020,03,파채,50022
2020,03,파프리카,92189
2020,03,포도,821766
2020,03,풋고추,115031
2020,03,풋옥수수,19330
2020,03,호박,616489
2020,03,홍갓,37161
2020,04,가지,723608
2020,04,감,252463
2020,04,감귤,372266
2020,04,감자,1066337
2020,04,갓,6492
2020,04,건가지,1036
2020,04,건고추,488
2020,04,건취나물,1569
2020,04,고구마,1510140
2020,04,고구마순,1976
2020,04,고사리,8821
2020,04,고추,729580
2020,04,곶감,8749
2020,04,근대,108975
2020,04,기장,4095
2020,04,깐마늘,326556
2020,04,깐양파,130237
2020,04,깻잎,65987
2020,04,냉이,8142
2020,04,늙은호박,97356
2020,04,다발무,96000
2020,04,단감,254335
2020,04,단호박,34155
2020,04,달래,11005
2020,04,당근,985048
2020,04,대추,47539
2020,04,대파,1063462
2020,04,더덕,4056
2020,04,도라지,17393
2020,04,돈나물,5190
2020,04,돌나물,4970
2020,04,두릅,17198
2020,04,따리,7505
2020,04,딸기,502779
2020,04,레몬,15171
2020,04,마,10106
2020,04,마늘,637745
2020,04,마늘 쫑,14474
2020,04,매실,7631
2020,04,머위,407
2020,04,메론,1077902
2020,04,모둠쌈,76620
2020,04,무,1555638
2020,04,무화과,14233
2020,04,물미역(청과),6896
2020,04,미나리,27474
2020,04,바나나,157212
2020,04,바나나 국산,2060
2020,04,밤,194912
2020,04,방울,10968
2020,04,방울양배추,872
2020,04,배,632463
2020,04,배추,782433
2020,04,배추얼갈이,63265
2020,04,버섯,1806965
2020,04,보리,4680
2020,04,복수박,49999
2020,04,복숭아,372126
2020,04,부추,105133
2020,04,브로코리,141312
2020,04,브로콜리,63277
2020,04,블루베리,315702
2020,04,비트,272811
2020,04,빨간양배추,26159
2020,04,사과,4478816
2020,04,산딸기,16347
2020,04,살구,660
2020,04,상추,209501
2020,04,새싹채소,1158
2020,04,생강,18516
2020,04,석류,15171
2020,04,세러리,2069
2020,04,수박,3662690
2020,04,수입과일,1020616
2020,04,숙주,65651
2020,04,시금치,534817
2020,04,신선초,2069
2020,04,쌈추,11248
2020,04,쑥,66900
2020,04,쑥갓,4662
2020,04,아욱,479
2020,04,애플수박,5456
2020,04,애호박,417608
2020,04,양배추,1910445
2020,04,양상추,429734
2020,04,양파,3478576
2020,04,얼갈이,6570
2020,04,연근,7960
2020,04,열무,71012
2020,04,열무 얼갈이,81096
2020,04,오렌지,15171
2020,04,오이,1131169
2020,04,완두콩,30895
2020,04,인삼,6383
2020,04,잎마늘,1339
2020,04,자두,158336
2020,04,자몽,15171
2020,04,적양배추,654
2020,04,쪽파,129455
2020,04,찰옥수수,98773
2020,04,참나물,5628
2020,04,참다래 국산,66466
2020,04,참외,180544
2020,04,청경채,6918
2020,04,청양고추,38388
2020,04,체리,7965
2020,04,취나물,15140
2020,04,츄키니,4908
2020,04,케일,3554
2020,04,콜라비,3202
2020,04,콩나물,857152
2020,04,키위,56185
2020,04,토마토,2053114
2020,04,토마토(방울),848946
2020,04,파세리,39052
2020,04,파인애플,174681
2020,04,파채,61960
2020,04,파프리카,82813
2020,04,포도,854971
2020,04,풋고추,150811
2020,04,풋옥수수,20830
2020,04,호박,747292
2020,04,홍갓,47668
2020,05,가지,742808
2020,05,감,91059
2020,05,감귤,246290
2020,05,감자,882706
2020,05,갓,5859
2020,05,건가지,984
2020,05,건취나물,1593
2020,05,고구마,1643900
2020,05,고구마순,1593
2020,05,고사리,8481
2020,05,고추,752936
2020,05,곶감,12885
2020,05,근대,88208
2020,05,깐마늘,323770
2020,05,깐양파,125716
2020,05,깻잎,61296
2020,05,냉이,7627
2020,05,늙은호박,173719
2020,05,단감,184458
2020,05,단호박,13860
2020,05,달래,10547
2020,05,당근,891008
2020,05,대추,72687
2020,05,대파,1056275
2020,05,더덕,2574
2020,05,도라지,14804
2020,05,돈나물,4017
2020,05,돌나물,5354
2020,05,두릅,16035
2020,05,딸기,383357
2020,05,레몬,13216
2020,05,마,5377
2020,05,마늘,783915
2020,05,마늘 쫑,4664
2020,05,매실,2959
2020,05,메론,1027120
2020,05,모둠쌈,79042
2020,05,무,1455115
2020,05,무화과,32136
2020,05,물미역(청과),5894
2020,05,미나리,23615
2020,05,바나나,165644
2020,05,바나나 국산,528
2020,05,밤,136992
2020,05,방울,35977
2020,05,배,544540
2020,05,배추,765743
2020,05,배추얼갈이,74628
2020,05,버섯,1610231
2020,05,복수박,128692
2020,05,복숭아,300545
2020,05,부추,97687
2020,05,브로코리,166992
2020,05,브로콜리,14298
2020,05,블루베리,1039732
2020,05,비트,215429
2020,05,빨간양배추,23500
2020,05,사과,3192985
2020,05,산딸기,9288
2020,05,살구,80
2020,05,상추,218327
2020,05,새싹채소,794
2020,05,생강,17512
2020,05,석류,13216
2020,05,세러리,1584
2020,05,수박,7065665
2020,05,수입과일,1483984
2020,05,숙주,56835
2020,05,시금치,493742
2020,05,신선초,1584
2020,05,쌈추,10359
2020,05,쑥갓,16108
2020,05,아욱,468
2020,05,애플수박,6038
2020,05,애호박,503170
2020,05,양배추,1150988
2020,05,양상추,390348
2020,05,양파,3825340
2020,05,얼갈이,5127
2020,05,연근,3330
2020,05,열무,81627
2020,05,열무 얼갈이,85834
2020,05,오렌지,13216
2020,05,오이,1164585
2020,05,옥수수,110590
2020,05,완두콩,37890
2020,05,유자,10360
2020,05,인삼,7266
2020,05,잎마늘,852
2020,05,자두,128811
2020,05,자몽,13216
2020,05,쪽파,115458
2020,05,찰옥수수,102569
2020,05,참나물,5526
2020,05,참다래 국산,52707
2020,05,참외,172523
2020,05,청경채,6976
2020,05,청양고추,31077
2020,05,체리,6937
2020,05,취나물,4685
2020,05,츄키니,7592
2020,05,케일,1584
2020,05,콜라비,2410
2020,05,콩나물,285741
2020,05,토마토,2061610
2020,05,토마토(방울),825345
2020,05,파세리,33141
2020,05,파인애플,184048
2020,05,파채,63808
2020,05,파프리카,111740
2020,05,포도,675427
2020,05,풋고추,141092
2020,05,풋옥수수,17120
2020,05,피망,2177
2020,05,호박,661851
2020,05,홍갓,56366
2020,06,가지,806479
2020,06,감,102231
2020,06,감귤,599338
2020,06,감자,1015000
2020,06,갓,5247
2020,06,건가지,969
2020,06,건고추,1976
2020,06,건취나물,1532
2020,06,고구마,1859683
2020,06,고구마순,1532
2020,06,고사리,8315
2020,06,고추,1329721
2020,06,곶감,10776
2020,06,근대,93432
2020,06,기장,3073
2020,06,기타잡곡류,7511
2020,06,깐마늘,287886
2020,06,깐양파,132785
2020,06,깻잎,88063
2020,06,냉이,7076
2020,06,늙은호박,43471
2020,06,다발무,92
2020,06,단감,173008
2020,06,단호박,12481
2020,06,달래,9668
2020,06,당근,1004259
2020,06,대추,51837
2020,06,대파,1251867
2020,06,더덕,3137
2020,06,도라지,15287
2020,06,돈나물,3372
2020,06,돌나물,5111
2020,06,두릅,18408
2020,06,딸기,355332
2020,06,레몬,13455
2020,06,마,16518
2020,06,마늘,656770
2020,06,마늘 쫑,1564
2020,06,매실,3964
2020,06,메론,1363565
2020,06,모둠쌈,75888
2020,06,무,1606780
2020,06,무화과,19324
2020,06,물미역(청과),4912
2020,06,미나리,36680
2020,06,바나나,193415
2020,06,바나나 국산,1768
2020,06,밤,145987
2020,06,방울,17344
2020,06,배,1059480
2020,06,배추,4007986
2020,06,배추얼갈이,74405
2020,06,버섯,1576381
2020,06,보리,3512
2020,06,복수박,241132
2020,06,복숭아,398517
2020,06,부추,81241
2020,06,브로코리,213808
2020,06,브로콜리,66234
2020,06,블루베리,87205
2020,06,비트,233235
2020,06,빨간양배추,29750
2020,06,사과,2764482
2020,06,산딸기,6933
2020,06,살구,7428
2020,06,상추,247504
2020,06,새싹채소,735
2020,06,생강,13242
2020,06,석류,13455
2020,06,수박,10199355
2020,06,수입과일,898088
2020,06,숙주,54726
2020,06,시금치,472564
2020,06,쌈추,9516
2020,06,쑥갓,11734
2020,06,아욱,427
2020,06,애플수박,27779
2020,06,애호박,560666
2020,06,양배추,1453912
2020,06,양상추,378984
2020,06,양파,3078534
2020,06,얼갈이,4949
2020,06,연근,11520
2020,06,열무,83128
2020,06,열무 얼갈이,81924
2020,06,오디 국산,1976
2020,06,오렌지,13455
2020,06,오이,1153809
2020,06,옥수수,312048
2020,06,완두콩,60425
2020,06,인삼,3881
2020,06,잎마늘,1526
2020,06,자두,165201
2020,06,자몽,13455
2020,06,쪽파,103133
2020,06,찰옥수수,2128863
2020,06,참나물,6930
2020,06,참다래 국산,26934
2020,06,참외,242111
2020,06,청경채,16087
2020,06,청양고추,30900
2020,06,체리,7064
2020,06,취나물,3308
2020,06,츄키니,16324
2020,06,케일,594
2020,06,콜라비,2987
2020,06,콩나물,388068
2020,06,키위,3400
2020,06,토마토,2344786
2020,06,토마토(방울),1082543
2020,06,파세리,30619
2020,06,파인애플,214905
2020,06,파채,66308
2020,06,파프리카,347727
2020,06,포도,806549
2020,06,풋고추,184496
2020,06,풋옥수수,32830
2020,06,피망,4519
2020,06,호박,734847
2020,06,홍갓,57130
2020,06,홍고추,3840
2020,07,가지,890951
2020,07,감,127165
2020,07,감귤,758132
2020,07,감자,1528343
2020,07,갓,4418
2020,07,건가지,1138
2020,07,건고추,31866
2020,07,건취나물,2065
2020,07,고구마,1488872
2020,07,고구마순,1685
2020,07,고사리,9651
2020,07,고추,688619
2020,07,곶감,9018
2020,07,근대,97006
2020,07,기장,3122
2020,07,기타잡곡류,12413
2020,07,깐마늘,214138
2020,07,깐양파,111755
2020,07,깻잎,100609
2020,07,냉이,7274
2020,07,늙은호박,77177
2020,07,단감,231513
2020,07,단호박,21530
2020,07,달래,11253
2020,07,당근,1161188
2020,07,대추,80245
2020,07,대파,1254350
2020,07,더덕,36601
2020,07,도라지,17489
2020,07,돈나물,4018
2020,07,돌나물,5207
2020,07,두릅,6494
2020,07,딸기,333526
2020,07,레몬,8191
2020,07,마,5881
2020,07,마늘,736303
2020,07,마늘 쫑,1492
2020,07,매실,11150
2020,07,메론,1243017
2020,07,모둠쌈,65514
2020,07,무,1989463
2020,07,무화과,153200
2020,07,물미역(청과),2469
2020,07,미나리,40014
2020,07,바나나,97732
2020,07,바나나 국산,1980
2020,07,밤,174339
2020,07,방울,19020
2020,07,배,703922
2020,07,배추,1226324
2020,07,배추얼갈이,129197
2020,07,버섯,1807629
2020,07,보리,3568
2020,07,복수박,189306
2020,07,복숭아,658814
2020,07,부추,99232
2020,07,브로코리,283216
2020,07,브로콜리,85126
2020,07,블루베리,48121
2020,07,비트,325411
2020,07,빨간양배추,62092
2020,07,사과,2367831
2020,07,산딸기,4186
2020,07,살구,37116
2020,07,상추,221401
2020,07,새싹채소,759
2020,07,생강,12911
2020,07,석류,8191
2020,07,세러리,660
2020,07,수박,7962191
2020,07,수입과일,1115128
2020,07,숙주,63149
2020,07,시금치,515196
2020,07,신선초,660
2020,07,쌈채,10131
2020,07,쌈추,11673
2020,07,쑥갓,576
2020,07,아욱,455
2020,07,애플수박,4148
2020,07,애호박,519658
2020,07,양배추,1715918
2020,07,양상추,366289
2020,07,양파,2481785
2020,07,얼갈이,3865
2020,07,연근,4290
2020,07,열무,76566
2020,07,열무 얼갈이,91780
2020,07,오디 국산,31866
2020,07,오렌지,8191
2020,07,오이,1025267
2020,07,옥수수,375400
2020,07,완두콩,137919
2020,07,인삼,3889
2020,07,잎마늘,648
2020,07,자두,388732
2020,07,자몽,8191
2020,07,쪽파,105764
2020,07,찰옥수수,447249
2020,07,참나물,37560
2020,07,참다래 국산,30312
2020,07,참외,190414
2020,07,청경채,16669
2020,07,청양고추,42576
2020,07,체리,4301
2020,07,취나물,36739
2020,07,츄키니,12201
2020,07,케일,660
2020,07,콜라비,3297
2020,07,콩나물,362261
2020,07,토마토,2122855
2020,07,토마토(방울),910935
2020,07,파세리,29823
2020,07,파인애플,108592
2020,07,파채,24668
2020,07,파프리카,309747
2020,07,포도,662821
2020,07,풋고추,237118
2020,07,풋옥수수,212365
2020,07,피망,4078
2020,07,호박,997943
2020,07,홍갓,54390
2020,07,홍고추,18072
2020,08,가지,850005
2020,08,감,65281
2020,08,감귤,815842
2020,08,감자,1356614
2020,08,갓,5142
2020,08,건가지,1092
2020,08,건고추,55600
2020,08,건취나물,5928
2020,08,고구마,1572947
2020,08,고구마순,1732
2020,08,고사리,9376
2020,08,고추,612871
2020,08,곶감,7140
2020,08,근대,99693
2020,08,기장,77
2020,08,기타잡곡류,1940
2020,08,깐마늘,246157
2020,08,깐양파,108139
2020,08,깻잎,44099
2020,08,냉이,9270
2020,08,늙은호박,71825
2020,08,단감,164461
2020,08,단호박,49421
2020,08,달래,12574
2020,08,당근,912232
2020,08,대추,64586
2020,08,대파,2439170
2020,08,더덕,35304
2020,08,도라지,19624
2020,08,돈나물,3662
2020,08,돌나물,7171
2020,08,두릅,5746
2020,08,딸기,221185
2020,08,레몬,6014
2020,08,마,2232
2020,08,마늘,767166
2020,08,마늘 쫑,2430
2020,08,매실,677
2020,08,메론,958020
2020,08,모둠쌈,61692
2020,08,무,1830860
2020,08,무화과,171721
2020,08,물미역(청과),2948
2020,08,미나리,24089
2020,08,바나나,84359
2020,08,바나나 국산,1317
2020,08,밤,164317
2020,08,방울,27414
2020,08,방울양배추,480
2020,08,배,602467
2020,08,배추,1533815
2020,08,배추얼갈이,141175
2020,08,버섯,1826581
2020,08,보리,88
2020,08,복수박,40428
2020,08,복숭아,455916
2020,08,부추,88048
2020,08,브로코리,263127
2020,08,브로콜리,14421
2020,08,블루베리,4990
2020,08,비트,311181
2020,08,빨간양배추,52533
2020,08,사과,2997365
2020,08,산딸기,3874
2020,08,살구,13164
2020,08,상추,271655
2020,08,새싹채소,981
2020,08,생강,12985
2020,08,석류,6014
2020,08,세러리,8703
2020,08,수박,4858010
2020,08,수입과일,886300
2020,08,숙주,73680
2020,08,시금치,466819
2020,08,신선초,8703
2020,08,쌈채,5946
2020,08,쌈추,10925
2020,08,쑥갓,918
2020,08,아욱,405
2020,08,애플수박,2456
2020,08,애호박,455695
2020,08,양배추,1422389
2020,08,양상추,335986
2020,08,양파,2747175
2020,08,얼갈이,4500
2020,08,연근,1155
2020,08,열무,68181
2020,08,열무 얼갈이,77049
2020,08,오디 국산,47470
2020,08,오렌지,6014
2020,08,오이,898941
2020,08,옥수수,196210
2020,08,완두콩,53101
2020,08,우엉,620
2020,08,인삼,2954
2020,08,자두,213475
2020,08,자몽,6014
2020,08,적양배추,360
2020,08,쪽파,83803
2020,08,찰옥수수,132519
2020,08,참나물,53904
2020,08,참다래 국산,12177
2020,08,참외,84503
2020,08,청경채,11941
2020,08,청양고추,57798
2020,08,체리,3157
2020,08,취나물,84533
2020,08,츄키니,11160
2020,08,케일,8703
2020,08,콜라비,3377
2020,08,콩나물,394553
2020,08,키위,4290
2020,08,토마토,1894618
2020,08,토마토(방울),730815
2020,08,파세리,28372
2020,08,파인애플,93732
2020,08,파채,24884
2020,08,파프리카,215597
2020,08,포도,776448
2020,08,풋고추,278528
2020,08,풋옥수수,35075
2020,08,피망,4207
2020,08,호박,887616
2020,08,홍갓,43519
2020,08,홍고추,16492
2020,09,가지,841835
2020,09,감,126697
2020,09,감귤,830194
2020,09,감자,1117247
2020,09,갓,11063
2020,09,건가지,4116
2020,09,건고추,25059
2020,09,건취나물,3745
2020,09,고구마,1462990
2020,09,고구마순,2445
2020,09,고사리,31257
2020,09,고추,3098990
2020,09,곶감,31518
2020,09,근대,88522
2020,09,기타잡곡류,2356
2020,09,깐마늘,239237
2020,09,깐양파,109924
2020,09,깻잎,53219
2020,09,냉이,8542
2020,09,늙은호박,63584
2020,09,다발무,60893
2020,09,단감,280520
2020,09,단호박,37260
2020,09,달래,13278
2020,09,당근,802905
2020,09,대추,84005
2020,09,대파,1604835
2020,09,더덕,30729
2020,09,도라지,25034
2020,09,돈나물,2808
2020,09,돌나물,6608
2020,09,두릅,5816
2020,09,따리,250
2020,09,딸기,229562
2020,09,레몬,9781
2020,09,마,21950
2020,09,마늘,694692
2020,09,마늘 쫑,1581
2020,09,메론,809449
2020,09,모둠쌈,71233
2020,09,무,1757249
2020,09,무화과,11675
2020,09,물미역(청과),4795
2020,09,미나리,33288
2020,09,바나나,124767
2020,09,바나나 국산,7190
2020,09,밤,350891
2020,09,방울,31107
2020,09,배,1168260
2020,09,배추,1278067
2020,09,배추얼갈이,115964
2020,09,버섯,1959471
2020,09,복수박,104174
2020,09,복숭아,319036
2020,09,부추,126633
2020,09,브로코리,274152
2020,09,브로콜리,6041
2020,09,블루베리,3574
2020,09,비트,295447
2020,09,빨간양배추,31903
2020,09,사과,3289611
2020,09,산딸기,9152
2020,09,살구,2040
2020,09,상추,271055
2020,09,새싹채소,1295
2020,09,생강,27615
2020,09,석류,9781
2020,09,세러리,2234
2020,09,수박,3270591
2020,09,수입과일,891132
2020,09,숙주,76487
2020,09,시금치,484029
2020,09,신선초,2234
2020,09,쌈채,12447
2020,09,쌈추,10525
2020,09,쑥갓,1432
2020,09,아욱,504
2020,09,애플수박,4586
2020,09,애호박,470838
2020,09,양배추,1352250
2020,09,양상추,344436
2020,09,양파,3368663
2020,09,얼갈이,9679
2020,09,연근,11700
2020,09,열무,77266
2020,09,열무 얼갈이,99995
2020,09,오디 국산,19869
2020,09,오렌지,9781
2020,09,오이,806538
2020,09,옥수수,6080
2020,09,완두콩,53222
2020,09,우엉,14103
2020,09,인삼,2484
2020,09,자두,143238
2020,09,자몽,9781
2020,09,쪽파,88065
2020,09,찰옥수수,198262
2020,09,참나물,25091
2020,09,참다래 국산,39106
2020,09,참외,59643
2020,09,청경채,9855
2020,09,청양고추,44557
2020,09,체리,5135
2020,09,취나물,45402
2020,09,츄키니,12690
2020,09,케일,2234
2020,09,콜라비,1092
2020,09,콩나물,460550
2020,09,토마토,1518822
2020,09,토마토(방울),646468
2020,09,파세리,30176
2020,09,파인애플,138629
2020,09,파채,18642
2020,09,파프리카,147519
2020,09,포도,714265
2020,09,풋고추,204084
2020,09,풋옥수수,54060
2020,09,피망,3443
2020,09,호박,859051
2020,09,홍갓,50761
2020,09,홍고추,14894
2020,10,가지,702895
2020,10,감,290610
2020,10,감귤,629619
2020,10,감자,936476
2020,10,갓,6813
2020,10,건가지,1229
2020,10,건고추,1074
2020,10,건취나물,1955
2020,10,고구마,1078887
2020,10,고구마순,1435
2020,10,고사리,10038
2020,10,고추,957736
2020,10,곶감,27829
2020,10,근대,96176
2020,10,기장,7994
2020,10,기타잡곡류,931
2020,10,깐마늘,200469
2020,10,깐양파,98920
2020,10,깻잎,83284
2020,10,냉이,7024
2020,10,늙은호박,29058
2020,10,다발무,441918
2020,10,단감,1023312
2020,10,단호박,33938
2020,10,달래,8819
2020,10,당근,816112
2020,10,대추,66360
2020,10,대파,763458
2020,10,더덕,8055
2020,10,도라지,15432
2020,10,돈나물,2445
2020,10,돌나물,5415
2020,10,두릅,16022
2020,10,딸기,237671
2020,10,레몬,11477
2020,10,마,8820
2020,10,마늘,603842
2020,10,마늘 쫑,2100
2020,10,매실,2689
2020,10,메론,690559
2020,10,멜론,24000
2020,10,모둠쌈,63212
2020,10,무,1470353
2020,10,무화과,10831
2020,10,물미역(청과),4830
2020,10,미나리,28017
2020,10,바나나,166823
2020,10,바나나 국산,3056
2020,10,밤,287585
2020,10,방울,34165
2020,10,방울양배추,1728
2020,10,배,729600
2020,10,배추,878632
2020,10,배추얼갈이,80110
2020,10,버섯,1621541
2020,10,보리,9136
2020,10,복수박,248666
2020,10,복숭아,372534
2020,10,부추,104398
2020,10,브로코리,140508
2020,10,브로콜리,61055
2020,10,블루베리,5330
2020,10,비트,201193
2020,10,빨간양배추,13782
2020,10,사과,2229927
2020,10,산딸기,19042
2020,10,상추,216890
2020,10,새싹채소,1061
2020,10,생강,18105
2020,10,석류,11477
2020,10,세러리,739
2020,10,수박,3037213
2020,10,수입과일,864608
2020,10,숙주,65385
2020,10,시금치,464637
2020,10,신선초,739
2020,10,쌈채,11181
2020,10,쌈추,9718
2020,10,쑥갓,1256
2020,10,아욱,6
2020,10,애플수박,1236
2020,10,애호박,543606
2020,10,양배추,1083374
2020,10,양상추,306713
2020,10,양파,2195178
2020,10,얼갈이,7030
2020,10,연근,1250
2020,10,열무,55581
2020,10,열무 얼갈이,74650
2020,10,오디 국산,1074
2020,10,오렌지,11477
2020,10,오이,806506
2020,10,완두콩,79715
2020,10,우엉,14267
2020,10,인삼,2262
2020,10,잎마늘,584
2020,10,자두,118687
2020,10,자몽,11477
2020,10,적양배추,1296
2020,10,쪽파,57019
2020,10,찰옥수수,81670
2020,10,참나물,5504
2020,10,참다래 국산,39776
2020,10,참외,96666
2020,10,청경채,8183
2020,10,청양고추,40222
2020,10,체리,6025
2020,10,취나물,18760
2020,10,츄키니,10260
2020,10,케일,2521
2020,10,콜라비,2341
2020,10,콩나물,388203
2020,10,토마토,1299188
2020,10,토마토(방울),497981
2020,10,파세리,26946
2020,10,파인애플,185359
2020,10,파채,14242
2020,10,파프리카,108883
2020,10,포도,746334
2020,10,풋고추,72107
2020,10,풋옥수수,39090
2020,10,피망,5929
2020,10,호박,642825
2020,10,홍갓,27711
2020,10,홍고추,6113
2020,11,가지,591554
2020,11,감,391501
2020,11,감귤,448663
2020,11,감자,863696
2020,11,갓,1094
2020,11,건가지,976
2020,11,건취나물,2394
2020,11,고구마,1857119
2020,11,고구마순,1594
2020,11,고사리,8426
2020,11,고추,691379
2020,11,곶감,25132
2020,11,근대,86606
2020,11,기장,4431
2020,11,기타잡곡류,33
2020,11,김치,22080
2020,11,깐마늘,249861
2020,11,깐양파,118753
2020,11,깻잎,82970
2020,11,냉이,8142
2020,11,늙은호박,79593
2020,11,다발무,2189336
2020,11,단감,1037127
2020,11,단호박,19587
2020,11,달래,11187
2020,11,당근,981468
2020,11,대추,28075
2020,11,대파,1301218
2020,11,더덕,1954
2020,11,도라지,14094
2020,11,돈나물,4325
2020,11,돌나물,5776
2020,11,두릅,38046
2020,11,따리,12045
2020,11,딸기,274075
2020,11,레몬,10658
2020,11,마,7459
2020,11,마늘,708581
2020,11,마늘 쫑,5231
2020,11,매실,4647
2020,11,메론,661443
2020,11,멜론,3500
2020,11,모둠쌈,57874
2020,11,무,2857958
2020,11,무화과,8875
2020,11,물미역(청과),8790
2020,11,미나리,29033
2020,11,바나나,166627
2020,11,바나나 국산,5914
2020,11,밤,214027
2020,11,방울,30824
2020,11,방울양배추,7920
2020,11,배,646118
2020,11,배추,2293943
2020,11,배추얼갈이,65317
2020,11,버섯,1713166
2020,11,보리,5064
2020,11,복수박,19966
2020,11,복숭아,342525
2020,11,부추,84766
2020,11,브로코리,127679
2020,11,브로콜리,63837
2020,11,블루베리,13729
2020,11,비트,267523
2020,11,빨간양배추,15972
2020,11,사과,3879362
2020,11,산딸기,17910
2020,11,상추,210212
2020,11,새싹채소,898
2020,11,생강,14203
2020,11,석류,10658
2020,11,세러리,314
2020,11,수박,2523944
2020,11,수입과일,711384
2020,11,숙주,59129
2020,11,시금치,494696
2020,11,신선초,314
2020,11,쌈채,6453
2020,11,쌈추,9332
2020,11,쑥갓,1272
2020,11,아욱,33
2020,11,애플수박,5411
2020,11,애호박,398265
2020,11,양배추,2188991
2020,11,양상추,313948
2020,11,양파,2132012
2020,11,얼갈이,958
2020,11,연근,1085
2020,11,열무,53590
2020,11,열무 얼갈이,78077
2020,11,오렌지,10658
2020,11,오이,669578
2020,11,완두콩,35280
2020,11,우엉,17410
2020,11,유자,3835
2020,11,인삼,1954
2020,11,잎마늘,1859
2020,11,자두,114477
2020,11,자몽,10658
2020,11,적양배추,5940
2020,11,쪽파,89371
2020,11,찰옥수수,61134
2020,11,참나물,6059
2020,11,참다래 국산,56408
2020,11,참외,67790
2020,11,청경채,6737
2020,11,청양고추,28500
2020,11,체리,5596
2020,11,취나물,3784
2020,11,츄키니,8415
2020,11,케일,314
2020,11,콜라비,8453
2020,11,콩나물,366518
2020,11,토마토,1520982
2020,11,토마토(방울),610453
2020,11,파세리,25874
2020,11,파인애플,185141
2020,11,파채,11758
2020,11,파프리카,998584
2020,11,포도,850209
2020,11,풋고추,113558
2020,11,풋옥수수,69680
2020,11,피망,3295
2020,11,호박,570768
2020,11,홍갓,43662
2020,11,홍고추,7243
2020,12,가지,705272
2020,12,감,284973
2020,12,감귤,916509
2020,12,감자,1506308
2020,12,갓,3939
2020,12,건가지,1104
2020,12,건취나물,1826
2020,12,고구마,1370347
2020,12,고구마순,1826
2020,12,고사리,9554
2020,12,고추,522299
2020,12,곶감,27765
2020,12,근대,95195
2020,12,기장,2954
2020,12,김치,18280
2020,12,깐마늘,271975
2020,12,깐양파,163974
2020,12,깻잎,98421
2020,12,냉이,11586
2020,12,늙은호박,199110
2020,12,다발무,343687
2020,12,단감,1074642
2020,12,단호박,65090
2020,12,달래,18796
2020,12,당근,1267319
2020,12,대추,28888
2020,12,대파,2645593
2020,12,더덕,2395
2020,12,도라지,21166
2020,12,돈나물,7788
2020,12,돌나물,7301
2020,12,두릅,23094
2020,12,따리,59715
2020,12,딸기,751234
2020,12,레몬,11010
2020,12,마,4972
2020,12,마늘,734785
2020,12,마늘 쫑,8832
2020,12,매실,7147
2020,12,메론,1143886
2020,12,모둠쌈,64946
2020,12,무,2026907
2020,12,무화과,18052
2020,12,물미역(청과),12221
2020,12,미나리,32350
2020,12,바나나,145680
2020,12,바나나 국산,4627
2020,12,밤,269798
2020,12,방울,39628
2020,12,방울양배추,6920
2020,12,배,728905
2020,12,배추,1358565
2020,12,배추얼갈이,76174
2020,12,버섯,2191127
2020,12,보리,3376
2020,12,복수박,97593
2020,12,복숭아,419458
2020,12,부추,84540
2020,12,브로코리,232423
2020,12,브로콜리,165761
2020,12,블루베리,20921
2020,12,비트,393637
2020,12,빨간양배추,36498
2020,12,사과,2250171
2020,12,산딸기,19921
2020,12,상추,214699
2020,12,새싹채소,965
2020,12,생강,13268
2020,12,석류,11010
2020,12,세러리,1172
2020,12,수박,6645354
2020,12,수입과일,732968
2020,12,숙주,75803
2020,12,시금치,478273
2020,12,신선초,1172
2020,12,쌈채,6411
2020,12,쌈추,12442
2020,12,쑥갓,3122
2020,12,애플수박,34420
2020,12,애호박,369662
2020,12,양배추,1867304
2020,12,양상추,462529
2020,12,양파,2893724
2020,12,얼갈이,3447
2020,12,연근,2810
2020,12,열무,34123
2020,12,열무 얼갈이,46869
2020,12,오렌지,11010
2020,12,오이,607847
2020,12,완두콩,39122
2020,12,우엉,14746
2020,12,유자,10
2020,12,인삼,2276
2020,12,잎마늘,1525
2020,12,자두,103408
2020,12,자몽,11010
2020,12,적양배추,5190
2020,12,쪽파,88437
2020,12,찰옥수수,88883
2020,12,참나물,8944
2020,12,참다래 국산,120209
2020,12,참외,44179
2020,12,청경채,9363
2020,12,청양고추,29883
2020,12,체리,5780
2020,12,취나물,4639
2020,12,츄키니,25277
2020,12,케일,1172
2020,12,콜라비,13644
2020,12,콩나물,446673
2020,12,토마토,2251567
2020,12,토마토(방울),835605
2020,12,파세리,41343
2020,12,파인애플,161865
2020,12,파채,14888
2020,12,파프리카,849989
2020,12,포도,1168571
2020,12,풋고추,76002
2020,12,풋옥수수,65250
2020,12,피망,4303
2020,12,호박,890072
2020,12,홍갓,11741
2020,12,홍고추,2382
