BASE_YR,BASE_MM,AGFD_PDLT_NM,STRGE_QY
2020,01,바나나 국산,95
2020,01,밤,68617
2020,01,방울양배추,180
2020,01,배,315056
2020,01,배추,1095602
2020,01,배추얼갈이,13595
2020,01,버섯,521420
2020,01,보리,142
2020,01,복수박,53138
2020,01,복숭아,87558
2020,01,부추,22918
2020,01,브로코리,50581
2020,01,브로콜리,15264
2020,01,블루베리,4447
2020,01,비트,84382
2020,01,빨간양배추,7160
2020,01,사과,659132
2020,01,산딸기,4856
2020,01,상추,35174
2020,01,새싹채소,287
2020,01,생강,5803
2020,01,석류,2508
2020,01,세러리,161
2020,01,수박,1342726
2020,01,수입과일,240823
2020,01,숙주,20789
2020,01,시금치,143693
2020,01,신선초,161
2020,01,쌈추,3113
2020,01,쑥갓,326
2020,01,아욱,115
2020,01,애플수박,8518
2020,01,애호박,36086
2020,01,양배추,341988
2020,01,양상추,116237
2020,01,양파,1002458
2020,01,얼갈이,195
2020,01,연근,8039
2020,01,열무,8416
2020,01,열무 얼갈이,13231
2020,01,오렌지,2508
2020,01,오이,84799
2020,01,완두콩,12054
2020,01,인삼,822
2020,01,잎마늘,432
2020,01,자두,30194
2020,01,자몽,2508
2020,01,적양배추,135
2020,01,쪽파,21354
2020,01,찰옥수수,11838
2020,01,참나물,2430
2020,01,참다래 국산,25070
2020,01,참외,20506
2020,01,청경채,3290
2020,01,청양고추,8347
2020,01,체리,1317
2020,01,취나물,2354
2020,01,츄키니,3595
2020,01,케일,161
2020,01,콜라비,1835
2020,01,콩나물,167565
2020,01,토마토,388973
2020,01,토마토(방울),172402
2020,01,파세리,9677
2020,01,파인애플,17985
2020,01,파채,14552
2020,01,파프리카,37749
2020,01,포도,258991
2020,01,풋고추,24207
2020,01,풋옥수수,5463
2020,01,피망,81
2020,01,호박,175982
2020,01,홍갓,4126
2020,01,홍고추,9
2020,02,가지,165309
2020,02,감,65049
2020,02,감귤,132950
2020,02,감자,312959
2020,02,갓,53
2020,02,건가지,449
2020,02,건취나물,1076
2020,02,고구마,697029
2020,02,고구마순,861
2020,02,고사리,4007
2020,02,고추,114105
2020,02,곶감,3354
2020,02,근대,30368
2020,02,기장,599
2020,02,깐마늘,91775
2020,02,깐양파,45418
2020,02,깻잎,17859
2020,02,냉이,2435
2020,02,늙은호박,18298
2020,02,다발무,41144
2020,02,단감,266773
2020,02,단호박,8645
2020,02,달래,3873
2020,02,당근,384063
2020,02,대추,14289
2020,02,대파,608964
2020,02,더덕,759
2020,02,도라지,6129
2020,02,돈나물,2117
2020,02,돌나물,1386
2020,02,두릅,4242
2020,02,따리,15939
2020,02,딸기,207332
2020,02,레몬,2993
2020,02,마,8488
2020,02,마늘,183687
2020,02,마늘 쫑,7209
2020,02,매실,2436
2020,02,메론,289764
2020,02,모둠쌈,17249
2020,02,무,466837
2020,02,무화과,31271
2020,02,물미역(청과),3560
2020,02,미나리,8970
2020,02,바나나,11168
2020,02,바나나 국산,333
2020,02,밤,57219
2020,02,방울양배추,343
2020,02,배,212297
2020,02,배추,272780
2020,02,배추얼갈이,13276
2020,02,버섯,495380
2020,02,보리,684
2020,02,복수박,53320
2020,02,복숭아,98389
2020,02,부추,23359
2020,02,브로코리,61465
2020,02,브로콜리,12624
2020,02,블루베리,6355
2020,02,비트,75790
2020,02,빨간양배추,6464
2020,02,사과,726528
2020,02,산딸기,4328
2020,02,상추,43423
2020,02,새싹채소,303
2020,02,생강,4979
2020,02,석류,2993
2020,02,수박,1823161
2020,02,수입과일,198936
2020,02,숙주,21870
2020,02,시금치,124567
2020,02,쌈추,3217
2020,02,쑥갓,1027
2020,02,아욱,77
2020,02,애플수박,9199
2020,02,애호박,81021
2020,02,양배추,493028
2020,02,양상추,137564
2020,02,양파,1309229
2020,02,얼갈이,153
2020,02,연근,7628
2020,02,열무,10418
2020,02,열무 얼갈이,15179
2020,02,오렌지,2993
2020,02,오이,162161
2020,02,완두콩,6257
2020,02,인삼,2813
2020,02,잎마늘,1635
2020,02,자두,36587
2020,02,자몽,2993
2020,02,적양배추,257
2020,02,쪽파,24416
2020,02,찰옥수수,10675
2020,02,참나물,2202
2020,02,참다래 국산,25658
2020,02,참외,21450
2020,02,청경채,2482
2020,02,청양고추,8021
2020,02,체리,1572
2020,02,취나물,867
2020,02,츄키니,3078
2020,02,케일,178
2020,02,콜라비,2772
2020,02,콩나물,170025
2020,02,키위,855
2020,02,토마토,429842
2020,02,토마토(방울),189626
2020,02,파세리,12049
2020,02,파인애플,12409
2020,02,파채,15161
2020,02,파프리카,46508
2020,02,포도,254588
2020,02,풋고추,20482
2020,02,풋옥수수,6951
2020,02,호박,174442
2020,02,홍갓,4969
2020,03,가지,205243
2020,03,감,63447
2020,03,감귤,149298
2020,03,감자,380127
2020,03,갓,1814
2020,03,건가지,296
2020,03,건취나물,536
2020,03,고구마,479708
2020,03,고구마순,536
2020,03,고사리,2611
2020,03,고추,370492
2020,03,곶감,2821
2020,03,근대,37717
2020,03,기장,2262
2020,03,깐마늘,97184
2020,03,깐양파,37189
2020,03,깻잎,21974
2020,03,냉이,3152
2020,03,늙은호박,24814
2020,03,다발무,66561
2020,03,단감,112594
2020,03,단호박,15924
2020,03,달래,4497
2020,03,당근,314801
2020,03,대추,17000
2020,03,대파,481121
2020,03,더덕,840
2020,03,도라지,5789
2020,03,돈나물,2305
2020,03,돌나물,1709
2020,03,두릅,2325
2020,03,따리,5280
2020,03,딸기,162098
2020,03,레몬,1730
2020,03,마,1750
2020,03,마늘,175229
2020,03,마늘 쫑,2048
2020,03,매실,2203
2020,03,메론,246253
2020,03,모둠쌈,24482
2020,03,무,452696
2020,03,무화과,5665
2020,03,물미역(청과),3459
2020,03,미나리,8873
2020,03,바나나,31009
2020,03,바나나 국산,285
2020,03,밤,57728
2020,03,방울양배추,350
2020,03,배,229774
2020,03,배추,283706
2020,03,배추얼갈이,19031
2020,03,버섯,529062
2020,03,보리,2585
2020,03,복수박,25127
2020,03,복숭아,108812
2020,03,부추,31654
2020,03,브로코리,48589
2020,03,브로콜리,12232
2020,03,블루베리,8187
2020,03,비트,71187
2020,03,빨간양배추,7659
2020,03,사과,1072792
2020,03,산딸기,3852
2020,03,살구,40
2020,03,상추,63437
2020,03,새싹채소,345
2020,03,생강,15273
2020,03,석류,1730
2020,03,세러리,22
2020,03,수박,1327362
2020,03,수입과일,281519
2020,03,숙주,22453
2020,03,시금치,142545
2020,03,신선초,22
2020,03,쌈추,3390
2020,03,쑥,79650
2020,03,쑥갓,1375
2020,03,아욱,123
2020,03,애플수박,4030
2020,03,애호박,97725
2020,03,양배추,3556700
2020,03,양상추,134399
2020,03,양파,1049835
2020,03,얼갈이,1587
2020,03,연근,728
2020,03,열무,19092
2020,03,열무 얼갈이,23296
2020,03,오렌지,1730
2020,03,오이,239130
2020,03,완두콩,9261
2020,03,인삼,2982
2020,03,잎마늘,2034
2020,03,자두,40837
2020,03,자몽,1730
2020,03,적양배추,263
2020,03,쪽파,38301
2020,03,찰옥수수,12230
2020,03,참나물,2144
2020,03,참다래 국산,31962
2020,03,참외,28580
2020,03,청경채,2234
2020,03,청양고추,8864
2020,03,체리,908
2020,03,취나물,1207
2020,03,츄키니,486
2020,03,케일,22
2020,03,콜라비,2014
2020,03,콩나물,190227
2020,03,키위,3677
2020,03,토마토,445482
2020,03,토마토(방울),195268
2020,03,파세리,12141
2020,03,파인애플,34454
2020,03,파채,15007
2020,03,파프리카,27657
2020,03,포도,246530
2020,03,풋고추,34509
2020,03,풋옥수수,5799
2020,03,호박,184947
2020,03,홍갓,11148
2020,04,가지,217082
2020,04,감,75739
2020,04,감귤,111680
2020,04,감자,319901
2020,04,갓,1948
2020,04,건가지,311
2020,04,건고추,146
2020,04,건취나물,471
2020,04,고구마,453042
2020,04,고구마순,593
2020,04,고사리,2646
2020,04,고추,218874
2020,04,곶감,2625
2020,04,근대,32693
2020,04,기장,1229
2020,04,깐마늘,97967
2020,04,깐양파,39071
2020,04,깻잎,19796
2020,04,냉이,2443
2020,04,늙은호박,29207
2020,04,다발무,28800
2020,04,단감,76301
2020,04,단호박,10247
2020,04,달래,3302
2020,04,당근,295514
2020,04,대추,14262
2020,04,대파,319039
2020,04,더덕,1217
2020,04,도라지,5218
2020,04,돈나물,1557
2020,04,돌나물,1491
2020,04,두릅,5159
2020,04,따리,2252
2020,04,딸기,150834
2020,04,레몬,4551
2020,04,마,3032
2020,04,마늘,191324
2020,04,마늘 쫑,4342
2020,04,매실,2289
2020,04,머위,122
2020,04,메론,323371
2020,04,모둠쌈,22986
2020,04,무,466691
2020,04,무화과,4270
2020,04,물미역(청과),2069
2020,04,미나리,8242
2020,04,바나나,47164
2020,04,바나나 국산,618
2020,04,밤,58474
2020,04,방울,3290
2020,04,방울양배추,262
2020,04,배,189739
2020,04,배추,234730
2020,04,배추얼갈이,18980
2020,04,버섯,542090
2020,04,보리,1404
2020,04,복수박,15000
2020,04,복숭아,111638
2020,04,부추,31540
2020,04,브로코리,42394
2020,04,브로콜리,18983
2020,04,블루베리,94711
2020,04,비트,81843
2020,04,빨간양배추,7848
2020,04,사과,1343645
2020,04,산딸기,4904
2020,04,살구,198
2020,04,상추,62850
2020,04,새싹채소,347
2020,04,생강,5555
2020,04,석류,4551
2020,04,세러리,621
2020,04,수박,1098807
2020,04,수입과일,306185
2020,04,숙주,19695
2020,04,시금치,160445
2020,04,신선초,621
2020,04,쌈추,3374
2020,04,쑥,20070
2020,04,쑥갓,1399
2020,04,아욱,144
2020,04,애플수박,1637
2020,04,애호박,125282
2020,04,양배추,573134
2020,04,양상추,128920
2020,04,양파,1043573
2020,04,얼갈이,1971
2020,04,연근,2388
2020,04,열무,21304
2020,04,열무 얼갈이,24329
2020,04,오렌지,4551
2020,04,오이,339351
2020,04,완두콩,9269
2020,04,인삼,1915
2020,04,잎마늘,402
2020,04,자두,47501
2020,04,자몽,4551
2020,04,적양배추,196
2020,04,쪽파,38837
2020,04,찰옥수수,29632
2020,04,참나물,1688
2020,04,참다래 국산,19940
2020,04,참외,54163
2020,04,청경채,2075
2020,04,청양고추,11516
2020,04,체리,2390
2020,04,취나물,4542
2020,04,츄키니,1472
2020,04,케일,1066
2020,04,콜라비,961
2020,04,콩나물,257146
2020,04,키위,16856
2020,04,토마토,615934
2020,04,토마토(방울),254684
2020,04,파세리,11716
2020,04,파인애플,52404
2020,04,파채,18588
2020,04,파프리카,24844
2020,04,포도,256491
2020,04,풋고추,45243
2020,04,풋옥수수,6249
2020,04,호박,224188
2020,04,홍갓,14300
2020,05,가지,222842
2020,05,감,27318
2020,05,감귤,73887
2020,05,감자,264812
2020,05,갓,1758
2020,05,건가지,295
2020,05,건취나물,478
2020,05,고구마,493170
2020,05,고구마순,478
2020,05,고사리,2544
2020,05,고추,225881
2020,05,곶감,3866
2020,05,근대,26462
2020,05,깐마늘,97131
2020,05,깐양파,37715
2020,05,깻잎,18389
2020,05,냉이,2288
2020,05,늙은호박,52116
2020,05,단감,55337
2020,05,단호박,4158
2020,05,달래,3164
2020,05,당근,267302
2020,05,대추,21806
2020,05,대파,316883
2020,05,더덕,772
2020,05,도라지,4441
2020,05,돈나물,1205
2020,05,돌나물,1606
2020,05,두릅,4811
2020,05,딸기,115007
2020,05,레몬,3965
2020,05,마,1613
2020,05,마늘,235175
2020,05,마늘 쫑,1399
2020,05,매실,888
2020,05,메론,308136
2020,05,모둠쌈,23713
2020,05,무,436535
2020,05,무화과,9641
2020,05,물미역(청과),1768
2020,05,미나리,7085
2020,05,바나나,49693
2020,05,바나나 국산,158
2020,05,밤,41098
2020,05,방울,10793
2020,05,배,163362
2020,05,배추,229723
2020,05,배추얼갈이,22388
2020,05,버섯,483069
2020,05,복수박,38608
2020,05,복숭아,90164
2020,05,부추,29306
2020,05,브로코리,50098
2020,05,브로콜리,4289
2020,05,블루베리,311920
2020,05,비트,64629
2020,05,빨간양배추,7050
2020,05,사과,957896
2020,05,산딸기,2786
2020,05,살구,24
2020,05,상추,65498
2020,05,새싹채소,238
2020,05,생강,5254
2020,05,석류,3965
2020,05,세러리,475
2020,05,수박,2119700
2020,05,수입과일,445195
2020,05,숙주,17051
2020,05,시금치,148123
2020,05,신선초,475
2020,05,쌈추,3108
2020,05,쑥갓,4832
2020,05,아욱,140
2020,05,애플수박,1811
2020,05,애호박,150951
2020,05,양배추,345296
2020,05,양상추,117104
2020,05,양파,1147602
2020,05,얼갈이,1538
2020,05,연근,999
2020,05,열무,24488
2020,05,열무 얼갈이,25750
2020,05,오렌지,3965
2020,05,오이,349376
2020,05,옥수수,33177
2020,05,완두콩,11367
2020,05,유자,3108
2020,05,인삼,2180
2020,05,잎마늘,256
2020,05,자두,38643
2020,05,자몽,3965
2020,05,쪽파,34637
2020,05,찰옥수수,30771
2020,05,참나물,1658
2020,05,참다래 국산,15812
2020,05,참외,51757
2020,05,청경채,2093
2020,05,청양고추,9323
2020,05,체리,2081
2020,05,취나물,1406
2020,05,츄키니,2278
2020,05,케일,475
2020,05,콜라비,723
2020,05,콩나물,85722
2020,05,토마토,618483
2020,05,토마토(방울),247604
2020,05,파세리,9942
2020,05,파인애플,55214
2020,05,파채,19142
2020,05,파프리카,33522
2020,05,포도,202628
2020,05,풋고추,42328
2020,05,풋옥수수,5136
2020,05,피망,653
2020,05,호박,198555
2020,05,홍갓,16910
2020,06,가지,241944
2020,06,감,30669
2020,06,감귤,179801
2020,06,감자,304500
2020,06,갓,1574
2020,06,건가지,291
2020,06,건고추,593
2020,06,건취나물,460
2020,06,고구마,557905
2020,06,고구마순,460
2020,06,고사리,2495
2020,06,고추,398916
2020,06,곶감,3233
2020,06,근대,28030
2020,06,기장,922
2020,06,기타잡곡류,2253
2020,06,깐마늘,86366
2020,06,깐양파,39836
2020,06,깻잎,26419
2020,06,냉이,2123
2020,06,늙은호박,13041
2020,06,다발무,28
2020,06,단감,51902
2020,06,단호박,3744
2020,06,달래,2900
2020,06,당근,301278
2020,06,대추,15551
2020,06,대파,375560
2020,06,더덕,941
2020,06,도라지,4586
2020,06,돈나물,1012
2020,06,돌나물,1533
2020,06,두릅,5522
2020,06,딸기,106600
2020,06,레몬,4037
2020,06,마,4955
2020,06,마늘,197031
2020,06,마늘 쫑,469
2020,06,매실,1189
2020,06,메론,409070
2020,06,모둠쌈,22766
2020,06,무,482034
2020,06,무화과,5797
2020,06,물미역(청과),1474
2020,06,미나리,11004
2020,06,바나나,58025
2020,06,바나나 국산,530
2020,06,밤,43796
2020,06,방울,5203
2020,06,배,317844
2020,06,배추,1202396
2020,06,배추얼갈이,22322
2020,06,버섯,472914
2020,06,보리,1054
2020,06,복수박,72340
2020,06,토마토,703436
2020,06,토마토(방울),324763
2020,06,파세리,9186
2020,06,파인애플,64472
2020,06,파채,19892
2020,06,파프리카,104318
2020,06,포도,241965
2020,06,풋고추,55349
2020,06,풋옥수수,9849
2020,06,피망,1356
2020,06,호박,220454
2020,06,홍갓,17139
2020,06,홍고추,1152
2020,07,가지,267285
2020,07,감,38150
2020,07,감귤,227440
2020,07,감자,458503
2020,07,갓,1325
2020,07,건가지,341
2020,07,건고추,9560
2020,07,건취나물,620
2020,07,고구마,446662
2020,07,고구마순,506
2020,07,고사리,2895
2020,07,고추,206586
2020,07,곶감,2705
2020,07,근대,29102
2020,07,기장,937
2020,07,기타잡곡류,3724
2020,07,깐마늘,64241
2020,07,깐양파,33527
2020,07,깻잎,30183
2020,07,냉이,2182
2020,07,늙은호박,23153
2020,07,단감,69454
2020,07,단호박,6459
2020,07,달래,3376
2020,07,당근,348356
2020,07,대추,24074
2020,07,대파,376305
2020,07,더덕,10980
2020,07,도라지,5247
2020,07,돈나물,1205
2020,07,돌나물,1562
2020,07,두릅,1948
2020,07,딸기,100058
2020,07,레몬,2457
2020,07,마,1764
2020,07,마늘,220891
2020,07,마늘 쫑,448
2020,07,매실,3345
2020,07,메론,372905
2020,07,모둠쌈,19654
2020,07,무,596839
2020,07,무화과,45960
2020,07,물미역(청과),741
2020,07,미나리,12004
2020,07,바나나,29320
2020,07,바나나 국산,594
2020,07,밤,52302
2020,07,방울,5706
2020,07,배,211177
2020,07,배추,367897
2020,07,배추얼갈이,38759
2020,07,버섯,542289
2020,07,보리,1070
2020,07,복수박,56792
2020,07,복숭아,197644
2020,07,부추,29770
2020,07,브로코리,84965
2020,07,브로콜리,25538
2020,07,블루베리,14436
2020,07,비트,97623
2020,07,빨간양배추,18628
2020,07,사과,710349
2020,07,산딸기,1256
2020,07,살구,11135
2020,07,상추,66420
2020,07,새싹채소,228
2020,07,생강,3873
2020,07,석류,2457
2020,07,세러리,198
2020,07,수박,2388657
2020,07,수입과일,334538
2020,07,숙주,18945
2020,07,시금치,154559
2020,07,신선초,198
2020,07,쌈채,3039
2020,07,쌈추,3502
2020,07,쑥갓,173
2020,07,아욱,137
2020,07,애플수박,1244
2020,07,애호박,155897
2020,07,양배추,514775
2020,07,양상추,109887
2020,07,양파,744536
2020,07,얼갈이,1160
2020,07,연근,1287
2020,07,열무,22970
2020,07,열무 얼갈이,27534
2020,07,오디 국산,9560
2020,07,오렌지,2457
2020,07,오이,307580
2020,07,옥수수,112620
2020,07,완두콩,41376
2020,07,인삼,1167
2020,07,잎마늘,194
2020,07,자두,116620
2020,07,자몽,2457
2020,07,쪽파,31729
2020,07,찰옥수수,134175
2020,07,참나물,11268
2020,07,참다래 국산,9094
2020,07,참외,57124
2020,07,청경채,5001
2020,07,청양고추,12773
2020,07,체리,1290
2020,07,취나물,11022
2020,07,츄키니,3660
2020,07,케일,198
2020,07,콜라비,989
2020,07,콩나물,108678
2020,07,토마토,636857
2020,07,토마토(방울),273281
2020,07,파세리,8947
2020,07,파인애플,32578
2020,07,파채,7400
2020,07,파프리카,92924
2020,07,포도,198846
2020,07,풋고추,71135
2020,07,풋옥수수,63710
2020,07,피망,1223
2020,07,호박,299383
2020,07,홍갓,16317
2020,07,홍고추,5422
2020,08,가지,255002
2020,08,감,19584
2020,08,감귤,244753
2020,08,감자,406984
2020,08,갓,1543
2020,08,건가지,328
2020,08,건고추,16680
2020,08,건취나물,1778
2020,08,고구마,471884
2020,08,고구마순,520
2020,08,고사리,2813
2020,08,고추,183861
2020,08,곶감,2142
2020,08,근대,29908
2020,08,기장,23
2020,08,기타잡곡류,582
2020,08,깐마늘,73847
2020,08,깐양파,32442
2020,08,깻잎,13230
2020,08,냉이,2781
2020,08,늙은호박,21548
2020,08,단감,49338
2020,08,단호박,14826
2020,08,달래,3772
2020,08,당근,273670
2020,08,대추,19376
2020,08,대파,731751
2020,08,더덕,10591
2020,08,도라지,5887
2020,08,돈나물,1099
2020,08,돌나물,2151
2020,08,두릅,1724
2020,08,딸기,66356
2020,08,레몬,1804
2020,08,마,670
2020,08,마늘,230150
2020,08,마늘 쫑,729
2020,08,매실,203
2020,08,메론,287406
2020,08,모둠쌈,18508
2020,08,무,549258
2020,08,무화과,51516
2020,08,물미역(청과),884
2020,08,미나리,7227
2020,08,바나나,25308
2020,08,바나나 국산,395
2020,08,밤,49295
2020,08,방울,8224
2020,08,방울양배추,144
2020,08,배,180740
2020,08,배추,460145
2020,08,배추얼갈이,42353
2020,08,버섯,547974
2020,08,보리,26
2020,08,복수박,12128
2020,08,복숭아,136775
2020,08,부추,26414
2020,08,브로코리,78938
2020,08,브로콜리,4326
2020,08,블루베리,1497
2020,06,복숭아,119555
2020,06,부추,24372
2020,06,브로코리,64142
2020,06,브로콜리,19870
2020,06,블루베리,26162
2020,06,비트,69971
2020,06,빨간양배추,8925
2020,06,사과,829345
2020,06,산딸기,2080
2020,06,살구,2228
2020,06,상추,74251
2020,06,새싹채소,221
2020,06,생강,3973
2020,06,석류,4037
2020,06,수박,3059807
2020,06,수입과일,269426
2020,06,숙주,16418
2020,06,시금치,141769
2020,06,쌈추,2855
2020,06,쑥갓,3520
2020,06,아욱,128
2020,06,애플수박,8334
2020,06,애호박,168200
2020,06,양배추,436174
2020,06,양상추,113695
2020,06,양파,923560
2020,06,얼갈이,1485
2020,06,연근,3456
2020,06,열무,24938
2020,06,열무 얼갈이,24577
2020,06,오디 국산,593
2020,06,오렌지,4037
2020,06,오이,346143
2020,06,옥수수,93614
2020,06,완두콩,18128
2020,06,인삼,1164
2020,06,잎마늘,458
2020,06,자두,49560
2020,06,자몽,4037
2020,06,쪽파,30940
2020,06,찰옥수수,638659
2020,06,참나물,2079
2020,06,참다래 국산,8080
2020,06,참외,72633
2020,06,청경채,4826
2020,06,청양고추,9270
2020,06,체리,2119
2020,06,취나물,992
2020,06,츄키니,4897
2020,06,케일,178
2020,06,콜라비,896
2020,06,콩나물,116420
2020,06,키위,1020
2020,08,비트,93354
2020,08,빨간양배추,15760
2020,08,사과,899210
2020,08,산딸기,1162
2020,08,살구,3949
2020,08,상추,81497
2020,08,새싹채소,294
2020,08,생강,3896
2020,08,석류,1804
2020,08,세러리,2611
2020,08,수박,1457403
2020,08,수입과일,265890
2020,08,숙주,22104
2020,08,시금치,140046
2020,08,신선초,2611
2020,08,쌈채,1784
2020,08,쌈추,3278
2020,08,쑥갓,275
2020,08,아욱,122
2020,08,애플수박,737
2020,08,애호박,136709
2020,08,양배추,426717
2020,08,양상추,100796
2020,08,양파,824153
2020,08,얼갈이,1350
2020,08,연근,347
2020,08,열무,20454
2020,08,열무 얼갈이,23115
2020,08,오디 국산,14241
2020,08,오렌지,1804
2020,08,오이,269682
2020,08,옥수수,58863
2020,08,완두콩,15930
2020,08,우엉,186
2020,08,인삼,886
2020,08,자두,64043
2020,08,자몽,1804
2020,08,적양배추,108
2020,08,쪽파,25141
2020,08,찰옥수수,39756
2020,08,참나물,16171
2020,08,참다래 국산,3653
2020,08,참외,25351
2020,08,청경채,3582
2020,08,청양고추,17339
2020,08,체리,947
2020,08,취나물,25360
2020,08,츄키니,3348
2020,08,케일,2611
2020,08,콜라비,1013
2020,08,콩나물,118366
2020,08,키위,1287
2020,08,토마토,568385
2020,08,토마토(방울),219245
2020,08,파세리,8512
2020,08,파인애플,28120
2020,08,파채,7465
2020,08,파프리카,64679
2020,08,포도,232934
2020,08,풋고추,83558
2020,08,풋옥수수,10523
2020,08,피망,1262
2020,08,호박,266285
2020,08,홍갓,13056
2020,08,홍고추,4948
2020,09,가지,252551
2020,09,감,38009
2020,09,감귤,249058
2020,09,감자,335174
2020,09,갓,3319
2020,09,건가지,1235
2020,09,건고추,7518
2020,09,건취나물,1124
2020,09,고구마,438897
2020,09,고구마순,734
2020,09,고사리,9377
2020,09,고추,929697
2020,09,곶감,9455
2020,09,근대,26557
2020,09,기타잡곡류,707
2020,09,깐마늘,71771
2020,09,깐양파,32977
2020,09,깻잎,15966
2020,09,냉이,2563
2020,09,늙은호박,19075
2020,09,다발무,18268
2020,09,단감,84156
2020,09,단호박,11178
2020,09,달래,3983
2020,09,당근,240872
2020,09,대추,25202
2020,09,대파,481451
2020,09,더덕,9219
2020,09,도라지,7510
2020,09,돈나물,842
2020,09,돌나물,1982
2020,09,두릅,1745
2020,09,따리,75
2020,09,딸기,68869
2020,09,레몬,2934
2020,09,마,6585
2020,09,마늘,208408
2020,09,마늘 쫑,474
2020,09,메론,242835
2020,09,모둠쌈,21370
2020,09,무,527175
2020,09,무화과,3503
2020,09,물미역(청과),1439
2020,09,미나리,9986
2020,09,바나나,37430
2020,09,바나나 국산,2157
2020,09,밤,105267
2020,09,방울,9332
2020,09,배,350478
2020,09,배추,383420
2020,09,배추얼갈이,34789
2020,09,버섯,587841
2020,09,복수박,31252
2020,09,복숭아,95711
2020,09,부추,37990
2020,09,브로코리,82246
2020,09,브로콜리,1812
2020,09,블루베리,1072
2020,09,비트,88634
2020,09,빨간양배추,9571
2020,09,사과,986883
2020,09,산딸기,2746
2020,09,살구,612
2020,09,상추,81317
2020,09,새싹채소,389
2020,09,생강,8285
2020,09,석류,2934
2020,09,세러리,670
2020,09,수박,981177
2020,09,수입과일,267340
2020,09,숙주,22946
2020,09,시금치,145209
2020,09,신선초,670
2020,09,쌈채,3734
2020,09,쌈추,3158
2020,09,쑥갓,430
2020,09,아욱,151
2020,09,애플수박,1376
2020,09,애호박,141251
2020,09,양배추,405675
2020,09,양상추,103331
2020,09,양파,1010599
2020,09,얼갈이,2904
2020,09,연근,3510
2020,09,열무,23180
2020,09,열무 얼갈이,29999
2020,09,오디 국산,5961
2020,09,오렌지,2934
2020,09,오이,241961
2020,09,옥수수,1824
2020,09,완두콩,15967
2020,09,우엉,4231
2020,09,인삼,745
2020,09,자두,42971
2020,09,자몽,2934
2020,09,쪽파,26420
2020,09,찰옥수수,59479
2020,09,참나물,7527
2020,09,참다래 국산,11732
2020,09,참외,17893
2020,09,청경채,2957
2020,09,청양고추,13367
2020,09,체리,1541
2020,09,취나물,13621
2020,09,츄키니,3807
2020,09,케일,670
2020,09,콜라비,328
2020,09,콩나물,138165
2020,09,토마토,455647
2020,09,토마토(방울),193940
2020,09,파세리,9053
2020,09,파인애플,41589
2020,09,파채,5593
2020,09,파프리카,44256
2020,09,포도,214280
2020,09,풋고추,61225
2020,09,풋옥수수,16218
2020,09,피망,1033
2020,09,호박,257715
2020,09,홍갓,15228
2020,09,홍고추,4468
2020,10,가지,210869
2020,10,감,87183
2020,10,감귤,188886
2020,10,감자,280943
2020,10,갓,2044
2020,10,건가지,369
2020,10,건고추,322
2020,10,건취나물,587
2020,10,고구마,323666
2020,10,고구마순,431
2020,10,고사리,3011
2020,10,고추,287321
2020,10,곶감,8349
2020,10,근대,28853
2020,10,기장,2398
2020,10,기타잡곡류,279
2020,10,깐마늘,60141
2020,10,깐양파,29676
2020,10,깻잎,24985
2020,10,냉이,2107
2020,10,늙은호박,8717
2020,10,다발무,132575
2020,10,단감,306994
2020,10,단호박,10181
2020,10,달래,2646
2020,10,당근,244834
2020,10,대추,19908
2020,10,대파,229037
2020,10,더덕,2417
2020,10,도라지,4630
2020,10,돈나물,734
2020,10,돌나물,1625
2020,10,두릅,4807
2020,10,딸기,71301
2020,10,레몬,3443
2020,10,마,2646
2020,10,마늘,181153
2020,10,마늘 쫑,630
2020,10,매실,807
2020,10,메론,207168
2020,10,멜론,7200
2020,10,모둠쌈,18964
2020,10,무,441106
2020,10,무화과,3249
2020,10,물미역(청과),1449
2020,10,미나리,8405
2020,10,바나나,50047
2020,10,바나나 국산,917
2020,10,밤,86276
2020,10,방울,10250
2020,10,방울양배추,518
2020,10,배,218880
2020,10,배추,263590
2020,10,배추얼갈이,24033
2020,10,버섯,486462
2020,10,보리,2741
2020,10,복수박,74600
2020,10,복숭아,111760
2020,10,부추,31319
2020,10,브로코리,42152
2020,10,브로콜리,18317
2020,10,블루베리,1599
2020,10,비트,60358
2020,10,빨간양배추,4135
2020,10,사과,668978
2020,10,산딸기,5713
2020,10,상추,65067
2020,10,새싹채소,318
2020,10,생강,5432
2020,10,석류,3443
2020,10,세러리,222
2020,10,수박,911164
2020,10,수입과일,259382
2020,10,숙주,19616
2020,10,시금치,139391
2020,10,신선초,222
2020,10,쌈채,3354
2020,10,쌈추,2915
2020,10,쑥갓,377
2020,10,아욱,2
2020,10,애플수박,371
2020,10,애호박,163082
2020,10,양배추,325012
2020,10,양상추,92014
2020,10,양파,658553
2020,10,얼갈이,2109
2020,10,연근,375
2020,10,열무,16674
2020,10,열무 얼갈이,22395
2020,10,오디 국산,322
2020,10,오렌지,3443
2020,10,오이,241952
2020,10,완두콩,23915
2020,10,우엉,4280
2020,10,인삼,679
2020,10,잎마늘,175
2020,10,자두,35606
2020,10,자몽,3443
2020,10,적양배추,389
2020,10,쪽파,17106
2020,10,찰옥수수,24501
2020,10,참나물,1651
2020,10,참다래 국산,11933
2020,10,참외,29000
2020,10,청경채,2455
2020,10,청양고추,12067
2020,10,체리,1808
2020,10,취나물,5628
2020,10,츄키니,3078
2020,10,케일,756
2020,10,콜라비,702
2020,10,콩나물,116461
2020,10,토마토,389756
2020,10,토마토(방울),149394
2020,10,파세리,8084
2020,10,파인애플,55608
2020,10,파채,4273
2020,10,파프리카,32665
2020,10,포도,223900
2020,10,풋고추,21632
2020,10,풋옥수수,11727
2020,10,피망,1779
2020,10,호박,192848
2020,10,홍갓,8313
2020,10,홍고추,1834
2020,11,가지,177466
2020,11,감,117450
2020,11,감귤,134599
2020,11,감자,259109
2020,11,갓,328
2020,11,건가지,293
2020,11,건취나물,718
2020,11,고구마,557136
2020,11,고구마순,478
2020,11,고사리,2528
2020,11,고추,207414
2020,11,곶감,7540
2020,11,근대,25982
2020,11,기장,1329
2020,11,기타잡곡류,10
2020,11,김치,6624
2020,11,깐마늘,74958
2020,11,깐양파,35626
2020,11,깻잎,24891
2020,11,냉이,2443
2020,11,늙은호박,23878
2020,11,다발무,656801
2020,11,단감,311138
2020,11,단호박,5876
2020,11,달래,3356
2020,11,당근,294440
2020,11,대추,8423
2020,11,대파,390365
2020,11,더덕,586
2020,11,도라지,4228
2020,11,돈나물,1298
2020,11,돌나물,1733
2020,11,두릅,11414
2020,11,따리,3614
2020,11,딸기,82223
2020,11,레몬,3197
2020,11,마,2238
2020,11,마늘,212574
2020,11,마늘 쫑,1569
2020,11,매실,1394
2020,11,메론,198433
2020,11,멜론,1050
2020,11,모둠쌈,17362
2020,11,무,857387
2020,11,무화과,2663
2020,11,물미역(청과),2637
2020,11,미나리,8710
2020,11,바나나,49988
2020,11,바나나 국산,1774
2020,11,밤,64208
2020,11,방울,9247
2020,11,방울양배추,2376
2020,11,배,193835
2020,11,배추,688183
2020,11,배추얼갈이,19595
2020,11,버섯,513950
2020,11,보리,1519
2020,11,복수박,5990
2020,11,복숭아,102758
2020,11,부추,25430
2020,11,브로코리,38304
2020,11,브로콜리,19151
2020,11,블루베리,4119
2020,11,비트,80257
2020,11,빨간양배추,4792
2020,11,사과,1163809
2020,11,산딸기,5373
2020,11,상추,63064
2020,11,새싹채소,269
2020,11,생강,4261
2020,11,석류,3197
2020,11,세러리,94
2020,11,수박,757183
2020,11,수입과일,213415
2020,11,숙주,17739
2020,11,시금치,148409
2020,11,신선초,94
2020,11,쌈채,1936
2020,11,쌈추,2800
2020,11,쑥갓,382
2020,11,아욱,10
2020,11,애플수박,1623
2020,11,애호박,119480
2020,11,양배추,656697
2020,11,양상추,94184
2020,11,양파,639604
2020,11,얼갈이,287
2020,11,연근,326
2020,11,열무,16077
2020,11,열무 얼갈이,23423
2020,11,오렌지,3197
2020,11,오이,200873
2020,11,완두콩,10584
2020,11,우엉,5223
2020,11,유자,1151
2020,11,인삼,586
2020,11,잎마늘,558
2020,11,자두,34343
2020,11,자몽,3197
2020,11,적양배추,1782
2020,11,쪽파,26811
2020,11,찰옥수수,18340
2020,11,참나물,1818
2020,11,참다래 국산,16922
2020,11,참외,20337
2020,11,청경채,2021
2020,11,청양고추,8550
2020,11,체리,1679
2020,11,취나물,1135
2020,11,츄키니,2525
2020,11,케일,94
2020,11,콜라비,2536
2020,11,콩나물,109955
2020,11,토마토,456295
2020,11,토마토(방울),183136
2020,11,파세리,7762
2020,11,파인애플,55542
2020,11,파채,3527
2020,11,파프리카,299575
2020,11,포도,255063
2020,11,풋고추,34067
2020,11,풋옥수수,20904
2020,11,피망,989
2020,11,호박,171230
2020,11,홍갓,13099
2020,11,홍고추,2173
2020,12,가지,211582
2020,12,감,85492
2020,12,감귤,274953
2020,12,감자,451892
2020,12,갓,1182
2020,12,건가지,331
2020,12,건취나물,548
2020,12,고구마,411104
2020,12,고구마순,548
2020,12,고사리,2866
2020,12,고추,156690
2020,12,곶감,8330
2020,12,근대,28559
2020,12,기장,886
2020,12,김치,5484
2020,12,깐마늘,81593
2020,12,깐양파,49192
2020,12,깻잎,29526
2020,12,냉이,3476
2020,12,늙은호박,59733
2020,12,다발무,103106
2020,12,단감,322393
2020,12,단호박,19527
2020,12,달래,5639
2020,12,당근,380196
2020,12,대추,8666
2020,12,대파,793678
2020,12,더덕,719
2020,12,도라지,6350
2020,12,돈나물,2336
2020,12,돌나물,2190
2020,12,두릅,6928
2020,12,따리,17915
2020,12,딸기,225370
2020,12,레몬,3303
2020,12,마,1492
2020,12,마늘,220436
2020,12,마늘 쫑,2650
2020,12,매실,2144
2020,12,메론,343166
2020,12,모둠쌈,19484
2020,12,무,608072
2020,12,무화과,5416
2020,12,물미역(청과),3666
2020,12,미나리,9705
2020,12,바나나,43704
2020,12,바나나 국산,1388
2020,12,밤,80939
2020,12,방울,11888
2020,12,방울양배추,2076
2020,12,배,218672
2020,12,배추,407570
2020,12,배추얼갈이,22852
2020,12,버섯,657338
2020,12,보리,1013
2020,12,복수박,29278
2020,12,복숭아,125837
2020,12,부추,25362
2020,12,브로코리,69727
2020,12,브로콜리,49728
2020,12,블루베리,6276
2020,12,비트,118091
2020,12,빨간양배추,10949
2020,12,사과,675051
2020,12,산딸기,5976
2020,12,상추,64410
2020,12,새싹채소,290
2020,12,생강,3980
2020,12,석류,3303
2020,12,세러리,352
2020,12,수박,1993606
2020,12,수입과일,219890
2020,12,숙주,22741
2020,12,시금치,143482
2020,12,신선초,352
2020,12,쌈채,1923
2020,12,쌈추,3733
2020,12,쑥갓,937
2020,12,애플수박,10326
2020,12,애호박,110899
2020,12,양배추,560191
2020,12,양상추,138759
2020,12,양파,868117
2020,12,얼갈이,1034
2020,12,연근,843
2020,12,열무,10237
2020,12,열무 얼갈이,14061
2020,12,오렌지,3303
2020,12,오이,182354
2020,12,완두콩,11737
2020,12,우엉,4424
2020,12,유자,3
2020,12,인삼,683
2020,12,잎마늘,458
2020,12,자두,31022
2020,12,자몽,3303
2020,12,적양배추,1557
2020,12,쪽파,26531
2020,12,찰옥수수,26665
2020,12,참나물,2683
2020,12,참다래 국산,36063
2020,12,참외,13254
2020,12,청경채,2809
2020,12,청양고추,8965
2020,12,체리,1734
2020,12,취나물,1392
2020,12,츄키니,7583
2020,12,케일,352
2020,12,콜라비,4093
2020,12,콩나물,134002
2020,12,토마토,675470
2020,12,토마토(방울),250682
2020,12,파세리,12403
2020,12,파인애플,48560
2020,12,파채,4466
2020,12,파프리카,254997
2020,12,포도,350571
2020,12,풋고추,22801
2020,12,풋옥수수,19575
2020,12,피망,1291
2020,12,호박,267022
2020,12,홍갓,3522
2020,12,홍고추,715
2020,01,가지,117908
2020,01,감,77972
2020,01,감귤,112655
2020,01,감자,236099
2020,01,갓,223
2020,01,건가지,672
2020,01,건취나물,985
2020,01,고구마,401654
2020,01,고구마순,848
2020,01,고사리,5550
2020,01,고추,102896
2020,01,곶감,6800
2020,01,근대,26402
2020,01,기장,124
2020,01,깐마늘,89059
2020,01,깐양파,26261
2020,01,깻잎,15130
2020,01,냉이,3232
2020,01,늙은호박,28126
2020,01,다발무,326102
2020,01,단감,192110
2020,01,단호박,6413
2020,01,달래,4326
2020,01,당근,292028
2020,01,대추,14834
2020,01,대파,415206
2020,01,더덕,1610
2020,01,도라지,9104
2020,01,돈나물,1662
2020,01,돌나물,2342
2020,01,두릅,6833
2020,01,따리,31604
2020,01,딸기,199685
2020,01,레몬,2508
2020,01,마,8776
2020,01,마늘,162809
2020,01,마늘 쫑,9284
2020,01,매실,1143
2020,01,메론,251156
2020,01,모둠쌈,2720
2020,01,무,419063
2020,01,무화과,316843
2020,01,물미역(청과),5176
2020,01,미나리,11410
2020,01,바나나,16187
